{
  "pre_markup": 40.4708251953125,
  "ready": 11.763080596923828,
  "watchlist": 4.651022434234619
}