{
  "pre_markup": 42.052947998046875,
  "ready": 14.917720794677734,
  "watchlist": 5.914356708526611
}