{
  "pre_markup": 37.53288650512695,
  "siap": 11.819269180297852,
  "watchlist": 5.073286533355713
}